B3F ID,Name,Category,Description,Location,Status,Barcode,System Names,Fecha de Corte,Fecha Entrega a Posv,Medidor de Agua,Medidor de Energía,N° de Corte,Persona Encargada,Primera Revisión,Segunda Revisión
b0711c75-faeb-4354-892a-8180761e0700,	3918445,Control,Piso 1,,Ejecutado Validado,,,07/13/2026,,,,Corte 1,,,
28e96baa-e7c7-4a56-b701-6fa713a499c7,	3918446,Control,Piso 1,,Ejecutado Validado,,,07/13/2026,,,,Corte 1,,,
bf14759e-5f1d-4940-a498-fa8dcc079f51,	773814,Control,Piso 1,,Ejecutado Validado,,,07/13/2026,,,,Corte 1,,,
bcb6cf06-9b42-4a25-8c71-021752250ef2,	773815,Control,Piso 1,,Ejecutado Validado,,,07/13/2026,,,,Corte 1,,,
f0e779a2-bf87-40b7-a901-3b9bd8c1c5f9,	773816,Control,Piso 1,,Ejecutado Validado,,,07/13/2026,,,,Corte 1,,,
e4589f0d-e913-4683-adac-796d16c8abb4,	773817,Control,Piso 1,,Ejecutado Validado,,,07/13/2026,,,,Corte 1,,,
ed7c9ea6-445e-46ea-b845-19c0a8d411e4,	773818,Control,Piso 1,,Ejecutado Validado,,,07/13/2026,,,,Corte 1,,,
8ed70f97-894e-44cf-929c-3bb828de275a,Muro básico [745900],Control,,,No iniciado,,,,,,,,,,
ee2d65cb-cf1e-4bd2-a1d7-ada36002cc21,Muro básico [745902],Control,,,No iniciado,,,,,,,,,,
c95d4cb4-5b8b-4a6d-bf4a-f5f5b7291664,Muro básico [745903],Control,,,No iniciado,,,,,,,,,,
84597328-bf1c-4cd3-b11a-6b1dbc9fe91b,Muro básico [745904],Control,,,No iniciado,,,,,,,,,,
9c2ea5d2-2abf-4f95-9b22-de55213b8540,Muro básico [745905],Control,,,No iniciado,,,,,,,,,,
cc5173b8-b730-4349-b33a-7bde78dd57ec,Muro básico [745906],Control,,,No iniciado,,,,,,,,,,
b25d2469-cf3f-495f-8b92-41e046948c72,Muro básico [745907],Control,,,No iniciado,,,,,,,,,,
9f860ec6-07bf-43b7-aafa-178ea101ca8f,Muro básico [745908],Control,,,No iniciado,,,,,,,,,,
70fec203-fb50-4b63-ba00-d8c86bb3de9d,Muro básico [745909],Control,,,No iniciado,,,,,,,,,,
6f916bb2-dd5d-4837-a739-131450a71602,Muro básico [745910],Control,,,No iniciado,,,,,,,,,,
b3395e35-9309-4d0f-a80c-7d16a87af2a3,	773827,Control,Piso 1,,Ejecutado Validado,,,07/13/2026,,,,Corte 1,,,
9d177c91-822a-47e1-9a25-de132ff37224,	773820,Control,Piso 1,,Ejecutado Validado,,,07/13/2026,,,,Corte 1,,,
dd8f1250-77b0-47ef-a90f-01cc8662c5ca,	773821,Control,Piso 1,,Ejecutado,,,07/13/2026,,,,Corte 1,,,
1f464f51-50a5-4f96-8e3b-1f5e9ed537ac,	773822,Control,Piso 1,,Ejecutado,,,07/13/2026,,,,Corte 1,,,
1182f224-1f93-43f1-81fd-e93b9f02063c,	773823,Control,Piso 1,,Ejecutado,,,07/13/2026,,,,Corte 1,,,
499cb9b2-f01a-40aa-9f23-21ce06697604,	773824,Control,Piso 1,,Ejecutado,,,07/13/2026,,,,Corte 1,,,
d8547e84-1339-4dad-90f2-c0bb403eee24,	773825,Control,Piso 1,,Ejecutado,,,07/13/2026,,,,Corte 1,,,
922bc5be-a9af-4d23-b2d5-28a52ae16521,Muro básico [3908829],Control,,,No iniciado,,,,,,,,,,
e006b647-8ec7-4e72-9afa-06cf9f2021d4,Muro básico [3908831],Control,,,No iniciado,,,,,,,,,,
c2ba0994-386c-4eb2-8752-79c27d60f9c6,Muro básico [3908832],Control,,,No iniciado,,,,,,,,,,
6f10a46a-4f52-4977-b87c-7a9871fccbe6,Muro básico [3908833],Control,,,No iniciado,,,,,,,,,,
0d8c30bf-dcb7-4f1b-9f91-af5a494c527e,Muro básico [3908834],Control,,,No iniciado,,,,,,,,,,
9bc4e062-15d2-418d-9b0c-8358d8c551b6,Muro básico [3908835],Control,,,No iniciado,,,,,,,,,,
10045ada-5260-4901-b036-3e50b034c78d,Muro básico [3908836],Control,,,No iniciado,,,,,,,,,,
a4c8ec37-4c79-4367-af95-af6e2c0f4e4f,Muro básico [3908837],Control,,,No iniciado,,,,,,,,,,
bb78b3e4-c4e7-47b0-b732-b3fea0924fa8,Muro básico [3908838],Control,,,No iniciado,,,,,,,,,,
d34333f3-cf29-4155-97f9-dc1d8c9cb882,Muro básico [3908839],Control,,,No iniciado,,,,,,,,,,
e0c0041a-af53-41f5-bac0-d148b5b81c8b,	773992,Control,Piso 2,,Ejecutado,,,07/20/2026,,,,Corte 2,,,
6d33aed4-fe23-4f40-95a0-8b1e8cac7564,	773993,Control,Piso 2,,Ejecutado,,,07/20/2026,,,,Corte 2,,,
4d3a815e-448d-4679-b106-f32e3a810ceb,	773994,Control,Piso 2,,Ejecutado,,,07/20/2026,,,,Corte 2,,,
3d4f77e7-9638-49c6-b65a-fa38d80cef6c,	773995,Control,Piso 2,,Ejecutado,,,07/20/2026,,,,Corte 2,,,
f3cb41ce-5907-4058-ac87-dd553d8c82b0,	773996,Control,Piso 2,,Ejecutado,,,07/20/2026,,,,Corte 2,,,
0892b60c-5aa7-4100-9eba-069878569b06,	773997,Control,Piso 2,,Reprogramado,,,,,,,,,,
ec56b886-2426-4083-b700-2a2b85041d67,	773998,Control,Piso 2,,Reprogramado,,,,,,,,,,
322286c5-1fba-460d-9399-d06231913ae4,Muro básico [745678],Control,,,No iniciado,,,,,,,,,,
746b38e0-fec6-4bcd-83b5-4b3d0e533ae0,Muro básico [745691],Control,,,No iniciado,,,,,,,,,,
5f352262-f0d4-43b0-8be0-671ab94f2b7b,Muro básico [745692],Control,,,No iniciado,,,,,,,,,,
077e8c35-b702-4d1a-b0b9-39a208356f4a,Muro básico [745693],Control,,,No iniciado,,,,,,,,,,
9b0b28d3-12b1-4439-8b87-07ed18c967e6,Muro básico [745694],Control,,,No iniciado,,,,,,,,,,
20f00875-0ae3-4d82-8e28-d9f7a59c6579,Muro básico [745695],Control,,,No iniciado,,,,,,,,,,
ba191081-94ea-49d9-87e8-260b9dbd4da8,Muro básico [745696],Control,,,No iniciado,,,,,,,,,,
b3772494-9c48-4e24-8b76-0ea132242e4a,Muro básico [745697],Control,,,No iniciado,,,,,,,,,,
ad478a8e-7a4c-4b41-abe1-b3f81b59945f,Muro básico [745698],Control,,,No iniciado,,,,,,,,,,
11b806a0-c3b9-45ab-966a-59981ca58e81,Muro básico [745699],Control,,,No iniciado,,,,,,,,,,
5fa436a2-466b-42cb-870e-32a2871384e3,	706957,Control,Piso 3,,En proceso,,,,,,,,,,
f98e19fb-05e1-4d87-9179-026bc13c3d0f,	706958,Control,Piso 3,,En proceso,,,,,,,,,,
44560b79-0a96-46bf-b2e5-82e8eee28971,	706959,Control,Piso 3,,En proceso,,,,,,,,,,
50a7636d-347f-4cba-92a5-967d7db4a2a5,	706960,Control,Piso 3,,En proceso,,,,,,,,,,
8e131d2c-fa99-4834-9f7b-9cbe1a23d8be,	706961,Control,Piso 3,,En proceso,,,,,,,,,,
b919edb9-73a2-4182-a50e-00c46c48521d,	706970,Control,Piso 3,,En proceso,,,,,,,,,,
41868fa3-39da-4375-9ea1-d348b47e75ae,	706963,Control,Piso 3,,En proceso,,,,,,,,,,
dbc08c9b-3553-45ce-ab67-8e67a045b2ac,	706964,Control,Piso 3,,No iniciado,,,,,,,,,,
d8acd237-56e8-474a-874e-107659fb6fb7,Muro básico [672347],Control,,,No iniciado,,,,,,,,,,
c8aa9220-5c3b-4c2d-b91f-a639ee4b729b,Muro básico [672348],Control,,,No iniciado,,,,,,,,,,
2e28d0ad-8e48-42dd-ad79-c97cfab70ade,Muro básico [672349],Control,,,No iniciado,,,,,,,,,,
da22f26a-364d-49c3-bc8f-a641c6a2000c,Muro básico [672350],Control,,,No iniciado,,,,,,,,,,
0426834c-7bb6-4896-b68a-64ef02e5b5ef,Muro básico [672351],Control,,,No iniciado,,,,,,,,,,
a84fa751-4e56-4e94-940f-2c48f9208bdb,Muro básico [672352],Control,,,No iniciado,,,,,,,,,,
9cd2b99d-e6e9-460c-a08f-bbd406262953,Muro básico [672359],Control,,,No iniciado,,,,,,,,,,
a386086d-528e-48ed-b0e2-794d1772a4fa,Muro básico [672360],Control,,,No iniciado,,,,,,,,,,
7de10890-bb1f-46d7-9687-c67672a5891d,Muro básico [676424],Control,,,No iniciado,,,,,,,,,,
d9299c16-99f0-43df-9ec5-5d7b5c569255,	706965,Control,Piso 3,,No iniciado,,,,,,,,,,
00745e9b-73a3-4615-9f9f-f6ff7f03a3bb,	706966,Control,Piso 3,,No iniciado,,,,,,,,,,
195b1e0f-793d-4097-ab66-ca65b7b19b46,	706967,Control,Piso 3,,No iniciado,,,,,,,,,,
baf66c78-a272-46f9-8868-46b0f70c94a3,1A. Apto 101,Control,,,No iniciado,,,,,,,,,,
6c40c7cd-44d0-4f3d-b3c2-400a96277728,2A. Apto 102,Control,,,No iniciado,,,,,,,,,,
b1b82154-212d-4f3e-b7b3-6f761b5d4107,3A. Apto 103,Control,,,No iniciado,,,,,,,,,,
03e5d9de-7010-458e-a880-2894692df7e2,4A. Apto 104,Control,,,No iniciado,,,,,,,,,,
8e2fe654-335b-48e1-a89a-d416b34e3a6b,5A. Apto 105,Control,,,No iniciado,,,,,,,,,,
e241bdde-a214-4f2b-8227-1327c864548b,6A. Apto 106,Control,,,No iniciado,,,,,,,,,,
1032919e-0d38-4dd4-ae0e-940ac10cf8b3,7A. Apto 107,Control,,,No iniciado,,,,,,,,,,
d74e8596-49bc-434f-9571-b364715772f0,8A. Apto 108,Control,,,No iniciado,,,,,,,,,,
09a50014-1632-495a-bbfc-8d80e150f320,9A. Apto 109,Control,,,No iniciado,,,,,,,,,,
711563d1-2733-45bd-a231-fececfd03961,10A. Apto 110,Control,,,No iniciado,,,,,,,,,,
d9540278-bbfa-4efa-8f95-7015a92a7806,11A. Apto 111,Control,,,No iniciado,,,,,,,,,,
6029a120-7c0a-4028-97a4-61a342f4cf7e,12A. Apto 112,Control,,,No iniciado,,,,,,,,,,
e9e2bdb9-5a71-40d4-a46b-fc6a5a675f9f,23A. Apto 123,Control,,,No iniciado,,,,,,,,,,
64b89b7a-74df-4e22-a9a1-b49fbec4059d,22A. Apto 122,Control,,,No iniciado,,,,,,,,,,
9bb9371c-0701-4549-9c40-0dbdc86c64b5,21A. Apto 121,Control,,,No iniciado,,,,,,,,,,
1d504531-c88a-4ce7-98ca-5189be0de58e,20A. Apto 120,Control,,,No iniciado,,,,,,,,,,
37588fac-72f2-4f2d-ac28-8c90ec3a7c63,19A. Apto 119,Control,,,No iniciado,,,,,,,,,,
cac5de47-e499-4761-b975-0956d86b439b,18A. Apto 118,Control,,,No iniciado,,,,,,,,,,
603dc92d-94d0-485b-b607-f4a18807980a,17A. Apto 117,Control,,,No iniciado,,,,,,,,,,
67504612-f14d-4002-ba71-49a5bf5f3bfe,16A. Apto 116,Control,,,No iniciado,,,,,,,,,,
c58cc1ba-a409-41b9-946e-931d6c6bfe8a,15A. Apto 115,Control,,,No iniciado,,,,,,,,,,
3758c8fc-efab-4c8a-862b-be95d59a9113,14A. Apto 114,Control,,,No iniciado,,,,,,,,,,
13dd5e4a-588e-452a-a6ce-0b6743a8e329,13A. Apto 113,Control,,,No iniciado,,,,,,,,,,
2ebdb268-7ef5-477e-a5c1-368a2b4fce22,1I. Apto 901,Control,,,No iniciado,,,,,,,,,,
4295956b-075f-41d6-82dc-617282d44f71,1F. Apto 601,Control,,,No iniciado,,,,,,,,,,
c99f0a63-31ef-48b9-a3a7-1946e83b8f68,2F. Apto 602,Control,,,No iniciado,,,,,,,,,,
b2aa9377-2448-4ebd-bd25-27371443f3cc,3F. Apto 603,Control,,,No iniciado,,,,,,,,,,
8535655d-f433-4d4e-bfd8-d81edb357e78,2I. Apto 902,Control,,,No iniciado,,,,,,,,,,
2f4f4082-9de4-4114-8951-9091923c4df7,4F. Apto 604,Control,,,No iniciado,,,,,,,,,,
bf53bcc4-f9e8-4a8d-a3b2-daad06728f42,3I. Apto 903,Control,,,No iniciado,,,,,,,,,,
e10ffae4-5c50-4adf-aeff-9d1dd2219618,5F. Apto 605,Control,,,No iniciado,,,,,,,,,,
184f336a-aab5-45bf-9a9c-ce2f315fc9ba,4I. Apto 904,Control,,,No iniciado,,,,,,,,,,
eb83a2f9-02e8-4059-89a7-09a94e8bcf33,6F. Apto 606,Control,,,No iniciado,,,,,,,,,,
380c6bc4-e629-43fe-817e-0e6c434cb768,5I. Apto 905,Control,,,No iniciado,,,,,,,,,,
a33b94aa-e820-4ce7-a43d-582f731a6c81,7F. Apto 607,Control,,,No iniciado,,,,,,,,,,
8447153d-4e95-496a-bb28-47e6566a94f0,6I. Apto 906,Control,,,No iniciado,,,,,,,,,,
391db4a7-3776-4ea4-8a6d-8a61c1a65a9b,8F. Apto 608,Control,,,No iniciado,,,,,,,,,,
16d119c4-8430-488a-a0b3-cd79c855fb37,7I. Apto 907,Control,,,No iniciado,,,,,,,,,,
d21296a1-e44c-4ddd-95cb-19882c55bc77,9F. Apto 609,Control,,,No iniciado,,,,,,,,,,
a9ee2050-422c-48d0-989c-4a8b4880b3d9,8I. Apto 908,Control,,,No iniciado,,,,,,,,,,
c1f0aa74-e19d-4081-8e7e-909e3e1b3759,10F. Apto 610,Control,,,No iniciado,,,,,,,,,,
e5b18277-e5aa-4530-96ea-3e612f3d4b93,9I. Apto 909,Control,,,No iniciado,,,,,,,,,,
feff8d53-50ed-4558-8845-a7b32567c351,11F. Apto 611,Control,,,No iniciado,,,,,,,,,,
56cdccdf-a519-4b0e-bfd0-ab630cda466a,10I. Apto 910,Control,,,No iniciado,,,,,,,,,,
a122b5a6-1bc3-4432-957d-d7400f63a1cb,12F. Apto 612,Control,,,No iniciado,,,,,,,,,,
35715dda-f806-4706-b4df-0933756c5a29,11I. Apto 911,Control,,,No iniciado,,,,,,,,,,
00a480aa-59a3-41c6-a02e-9523ce42094b,23F. Apto 623,Control,,,No iniciado,,,,,,,,,,
6111f18b-ec9b-4810-806f-bf6ad25e29ca,12I. Apto 912,Control,,,No iniciado,,,,,,,,,,
2fbb6d80-0d46-4a74-9853-6fa4c2458180,23I. Apto 923,Control,,,No iniciado,,,,,,,,,,
cdb3fb4b-c5f8-4b22-9df8-9df1cb96817d,22I. Apto 922,Control,,,No iniciado,,,,,,,,,,
a5b7eaa1-ba77-4780-927f-873bfb6873b4,21I. Apto 921,Control,,,No iniciado,,,,,,,,,,
1cc0dec0-9fc1-44cd-8832-363cb3f5fbb6,20I. Apto 920,Control,,,No iniciado,,,,,,,,,,
8de3fc11-a755-413f-875a-e1581c601803,19I. Apto 919,Control,,,No iniciado,,,,,,,,,,
d371e739-924c-4e68-9cbb-9d0e58a29dae,18I. Apto 918,Control,,,No iniciado,,,,,,,,,,
daa545d1-90d9-454c-b4e4-5cfdaa94a5dd,17I. Apto 917,Control,,,No iniciado,,,,,,,,,,
fa3b1a1f-80e2-4e1c-88ff-7928177ab565,22F. Apto 622,Control,,,No iniciado,,,,,,,,,,
36c09575-ccfe-470e-88e3-dba19fa63fd7,16I. Apto 916,Control,,,No iniciado,,,,,,,,,,
3196bae9-9c26-4b3c-8e60-8ff54b72f89b,21F. Apto 621,Control,,,No iniciado,,,,,,,,,,
a3b253fa-c4f9-4b03-bf95-e727860c431c,15I. Apto 915,Control,,,No iniciado,,,,,,,,,,
ee979a2b-7456-4c17-9253-1fd2b99ad673,20F. Apto 620,Control,,,No iniciado,,,,,,,,,,
1ec1c809-23cd-4e27-9f61-2f01b18fce99,14I. Apto 914,Control,,,No iniciado,,,,,,,,,,
525e8a67-a6b6-4ed6-ac38-737d6f6956c3,19F. Apto 619,Control,,,No iniciado,,,,,,,,,,
71c43f47-b04b-42ad-aa7e-12664cfa525d,18F. Apto 618,Control,,,No iniciado,,,,,,,,,,
eedef52d-23b8-425b-9151-d71093e972f3,13I. Apto 913,Control,,,No iniciado,,,,,,,,,,
8c0a6c46-4c7f-40f0-983d-e8dd14d5fa7a,17F. Apto 617,Control,,,No iniciado,,,,,,,,,,
8d3bcf03-c11f-4588-b5f6-f94595051960,24I. Apto 924,Control,,,No iniciado,,,,,,,,,,
f9e69145-89d4-4a43-96a0-092d3029497a,16F. Apto 616,Control,,,No iniciado,,,,,,,,,,
ab489f3f-25d1-439b-a839-10eef110c581,15F. Apto 615,Control,,,No iniciado,,,,,,,,,,
a475ea7a-fe61-441e-a1bd-d53bd1b746b4,14F. Apto 614,Control,,,No iniciado,,,,,,,,,,
bd8f67ed-e09b-4c3a-97ed-07c9e030e1ca,13F. Apto 613,Control,,,No iniciado,,,,,,,,,,
59665e66-2216-42fb-ac02-73d32fb2eee0,24F. Apto 624,Control,,,No iniciado,,,,,,,,,,
e3d050a3-c880-4625-809b-bb9953b539a1,1G. Apto 701,Control,,,No iniciado,,,,,,,,,,
4782bb85-21eb-462f-9731-63097441c9a9,2G. Apto 702,Control,,,No iniciado,,,,,,,,,,
aaf7b20e-3695-473f-b653-f514b48f1648,3G. Apto 703,Control,,,No iniciado,,,,,,,,,,
d0730bf6-5ef0-469a-9b53-4ef5cb2017ff,4G. Apto 704,Control,,,No iniciado,,,,,,,,,,
def1bab5-dd04-40b3-9e7d-8b2829a378a5,5G. Apto 705,Control,,,No iniciado,,,,,,,,,,
0b5c3497-f08d-4038-9546-7f3e6cf85062,6G. Apto 706,Control,,,No iniciado,,,,,,,,,,
565a5b1d-ae9b-490f-ab7b-315641ded41e,7G. Apto 707,Control,,,No iniciado,,,,,,,,,,
764d1ef1-eba1-4b7c-a369-aa10617cd62b,8G. Apto 708,Control,,,No iniciado,,,,,,,,,,
b91b161e-55a7-4e30-9a4e-d4926179ce39,9G. Apto 709,Control,,,No iniciado,,,,,,,,,,
62979070-2296-46a0-a8ec-061ff3e8ff45,10G. Apto 710,Control,,,No iniciado,,,,,,,,,,
07e9d5e4-03c4-4c07-9b11-1544442d4581,11G. Apto 711,Control,,,No iniciado,,,,,,,,,,
9dc27a3a-6114-4e21-a56e-3a173ea3874e,12G. Apto 712,Control,,,No iniciado,,,,,,,,,,
76ccbdbe-7560-415c-8ad0-60ef28b9ac89,23G. Apto 723,Control,,,No iniciado,,,,,,,,,,
27dd55c9-3db5-4317-a5b9-fabe8155812a,22G. Apto 722,Control,,,No iniciado,,,,,,,,,,
45b3973b-71bf-49d1-87aa-44ff7ac7d1c9,21G. Apto 721,Control,,,No iniciado,,,,,,,,,,
b225133f-1991-4ec5-a66d-3ee7217a90e3,20G. Apto 720,Control,,,No iniciado,,,,,,,,,,
a12d8876-3c1d-41bd-a135-4562adb1bdd2,19G. Apto 719,Control,,,No iniciado,,,,,,,,,,
a4da3d8d-82fd-4855-b3c9-df0255cd7dc0,18G. Apto 718,Control,,,No iniciado,,,,,,,,,,
cb6eee77-289d-411e-9e99-db92b9e79fac,17G. Apto 717,Control,,,No iniciado,,,,,,,,,,
fd48b0e7-668f-4fae-ba6f-fb7200b524e0,16G. Apto 716,Control,,,No iniciado,,,,,,,,,,
42a18a2c-2f67-46aa-8553-74396184f123,15G. Apto 715,Control,,,No iniciado,,,,,,,,,,
7df07fbf-f123-4c3b-9384-5c8fee3647ec,14G. Apto 714,Control,,,No iniciado,,,,,,,,,,
47b38a08-1781-4c21-8e9a-7e292991cc07,13G. Apto 713,Control,,,No iniciado,,,,,,,,,,
ddd0b409-f3a9-4604-b7a1-bba0414a721b,24G. Apto 724,Control,,,No iniciado,,,,,,,,,,
cefcd79d-f48c-4537-a95d-ef28d89ed88a,2B. Apto 201,Control,,,No iniciado,,,,,,,,,,
4932c649-76a1-4151-9e04-be00e5e4ecd6,2B. Apto 202,Control,,,No iniciado,,,,,,,,,,
e5f90aec-836b-45e1-b0bd-4a5f858adc8e,3B. Apto 203,Control,,,No iniciado,,,,,,,,,,
6bd3094c-ef3d-436a-8fe7-6f2d54da6d5a,4B. Apto 204,Control,,,No iniciado,,,,,,,,,,
0b8e675d-e6b2-459d-b28c-bdc7f3608450,5B. Apto 205,Control,,,No iniciado,,,,,,,,,,
1bad0fd2-0d0a-4b1b-8a9f-95273d105308,6B. Apto 206,Control,,,No iniciado,,,,,,,,,,
d83f4bd1-a0b5-46d6-9c1f-d44d2c9de14a,7B. Apto 207,Control,,,No iniciado,,,,,,,,,,
8b8f2bee-6d31-4d30-b92b-d476d1032e10,8B. Apto 208,Control,,,No iniciado,,,,,,,,,,
8c9c641e-82b4-4476-847d-e26b039f5591,9B. Apto 209,Control,,,No iniciado,,,,,,,,,,
4b350560-13f1-42e9-a78f-fbdc4c0519f6,10B. Apto 210,Control,,,No iniciado,,,,,,,,,,
d7694c8c-e7e8-496b-8158-08afac3d4c85,11B. Apto 211,Control,,,No iniciado,,,,,,,,,,
e318206e-8ad8-440c-b6eb-ec837f6a9630,12B. Apto 212,Control,,,No iniciado,,,,,,,,,,
aa475195-f0c3-44c0-836b-b2165eac657a,23B. Apto 223,Control,,,No iniciado,,,,,,,,,,
8d09b431-c8ef-4b36-bd2c-d9a8440f62c3,22B. Apto 222,Control,,,No iniciado,,,,,,,,,,
ed93c295-b831-497c-8e60-3ccf69d91fde,21B. Apto 221,Control,,,No iniciado,,,,,,,,,,
5e9a99ad-b2fe-480f-ad1e-62f5598ca143,20B. Apto 220,Control,,,No iniciado,,,,,,,,,,
06313cec-61bd-4d7f-8d5f-b428c5e825c1,19B. Apto 219,Control,,,No iniciado,,,,,,,,,,
2971261d-19b4-42fa-b845-06e33412b7e6,18B. Apto 218,Control,,,No iniciado,,,,,,,,,,
f316efc4-f09b-4afa-9387-194c25c40542,17B. Apto 217,Control,,,No iniciado,,,,,,,,,,
b30849ce-e362-4b4b-ba46-4a4e0e86eb67,16B. Apto 216,Control,,,No iniciado,,,,,,,,,,
fd6720cb-14dc-4895-a556-0066c5f5dbf8,15B. Apto 215,Control,,,No iniciado,,,,,,,,,,
c504f573-e4c6-4d0a-8293-1ea4a0762baa,14B. Apto 214,Control,,,No iniciado,,,,,,,,,,
91797385-20ce-4821-92fa-0048ebd78548,13B. Apto 213,Control,,,No iniciado,,,,,,,,,,
abf5d0c9-7364-41be-80ee-6cb3022fe3d0,24B. Apto 224,Control,,,No iniciado,,,,,,,,,,
850b3c13-fd83-4b86-b5d7-5bcfd317c479,1E. Apto 501,Control,,,No iniciado,,,,,,,,,,
421c4289-3244-4a31-a15b-d45fc7e91703,1C. Apto 301,Control,,,No iniciado,,,,,,,,,,
08ccc49b-088b-424f-83a0-b73a5783e3c8,2E. Apto 502,Control,,,No iniciado,,,,,,,,,,
20a05824-33b5-4d39-9d93-0751a7dbc32c,2C. Apto 302,Control,,,No iniciado,,,,,,,,,,
d25d81cc-239f-4652-807a-c12902cea880,3E. Apto 503,Control,,,No iniciado,,,,,,,,,,
143eb951-fb66-4e6f-9b02-0e9545bb41a9,3C. Apto 303,Control,,,No iniciado,,,,,,,,,,
50bf8bc8-451e-41a1-bb50-7e72b492dfb8,4E. Apto 504,Control,,,No iniciado,,,,,,,,,,
c1e36341-6d72-4cae-b930-63219e7b35b4,4C. Apto 304,Control,,,No iniciado,,,,,,,,,,
1777318a-f694-40ed-915b-2675b592270a,5E. Apto 505,Control,,,No iniciado,,,,,,,,,,
245923d6-4215-43e8-82b5-e0ea1c643f2d,5C. Apto 305,Control,,,No iniciado,,,,,,,,,,
b1a69f54-d70b-41a6-b796-0cb4459a91ca,6E. Apto 506,Control,,,No iniciado,,,,,,,,,,
1ff673ed-c9cf-42c7-9eb1-100dae8b0b50,6C. Apto 306,Control,,,No iniciado,,,,,,,,,,
2dfa6cef-954f-4a97-9f99-9d6d3ee531f6,7E. Apto 507,Control,,,No iniciado,,,,,,,,,,
3f747132-2928-4c6d-b238-71cfb46844bc,7C. Apto 307,Control,,,No iniciado,,,,,,,,,,
6eb0d9a7-8cbf-40f7-b563-76615cb07eba,8E. Apto 508,Control,,,No iniciado,,,,,,,,,,
fffe98b5-7a59-4d10-b2f9-6b3c5594fa2d,8C. Apto 308,Control,,,No iniciado,,,,,,,,,,
5a5b5ad3-f3ed-4489-b514-dd8920698c75,9E. Apto 509,Control,,,No iniciado,,,,,,,,,,
bf621005-fde1-483f-b6a6-c99ed9a83a6b,9C. Apto 309,Control,,,No iniciado,,,,,,,,,,
e0e685cf-3ac6-4cf8-a005-85d354670479,10E. Apto 510,Control,,,No iniciado,,,,,,,,,,
bd373505-72cd-4759-bba8-80636bdebb84,10C. Apto 310,Control,,,No iniciado,,,,,,,,,,
532fc11a-7d86-4d15-8e89-1d896812c483,11C. Apto 311,Control,,,No iniciado,,,,,,,,,,
dce03f9e-930f-4389-aa20-48e27cd7656c,11E. Apto 511,Control,,,No iniciado,,,,,,,,,,
b7a72209-882d-446f-8284-8909f04234fb,12C. Apto 312,Control,,,No iniciado,,,,,,,,,,
3c95a718-1af2-433d-adeb-6e2fd65742d9,12E. Apto 512,Control,,,No iniciado,,,,,,,,,,
2e72d897-9228-4e12-a5ca-aaf16011b8b9,23C. Apto 323,Control,,,No iniciado,,,,,,,,,,
dd33c471-795a-49a4-bacc-865422c28a5e,23E. Apto 523,Control,,,No iniciado,,,,,,,,,,
f7655603-27b6-40c2-9cd5-3e0e53f40def,22C. Apto 322,Control,,,No iniciado,,,,,,,,,,
f07175a1-af18-4ed2-a046-3d110d6f7f65,22E. Apto 522,Control,,,No iniciado,,,,,,,,,,
dbeb4234-e095-44a7-a147-ca9acc2f4306,21C. Apto 321,Control,,,No iniciado,,,,,,,,,,
a79c48dc-f652-4f88-98e2-19ca65827ea5,21E. Apto 521,Control,,,No iniciado,,,,,,,,,,
9825a696-f986-40fe-8197-1ca023c0015e,20C. Apto 320,Control,,,No iniciado,,,,,,,,,,
6884a266-7dab-487a-83e5-6bc042c457d5,20E. Apto 520,Control,,,No iniciado,,,,,,,,,,
fbbe14ba-235c-475e-b61e-99bc575d7bcd,19C. Apto 319,Control,,,No iniciado,,,,,,,,,,
c8662b51-4736-4f3e-b695-6574cd8906ac,19E. Apto 519,Control,,,No iniciado,,,,,,,,,,
5646a8fe-8ba8-4de7-8046-1dedd0fd9287,18C. Apto 318,Control,,,No iniciado,,,,,,,,,,
1415c9e4-5de9-4f14-bd24-2a6584970d81,18E. Apto 518,Control,,,No iniciado,,,,,,,,,,
f675b346-c6fa-4895-81f8-09031f060ecd,17E. Apto 517,Control,,,No iniciado,,,,,,,,,,
c5911f45-d929-412b-a53e-dfeb4818fba3,17C. Apto 317,Control,,,No iniciado,,,,,,,,,,
7d8f8088-9afb-4706-975f-6cf91696189b,16E. Apto 516,Control,,,No iniciado,,,,,,,,,,
1ea9ac7a-d491-4de7-8542-03ede4614abc,16C. Apto 316,Control,,,No iniciado,,,,,,,,,,
ae8c8329-b594-4820-9d61-eb8b302bf71d,15E. Apto 515,Control,,,No iniciado,,,,,,,,,,
af6b29f4-2eee-4d07-9460-1538b6aa0c58,15C. Apto 315,Control,,,No iniciado,,,,,,,,,,
d942fb16-f789-41df-a8a7-2e261a519212,14E. Apto 514,Control,,,No iniciado,,,,,,,,,,
37450ff8-169b-4e3e-a1ac-391ec14ba864,14C. Apto 314,Control,,,No iniciado,,,,,,,,,,
38bbab0c-49cb-4ab6-a083-9c8f4d6d7f97,13E. Apto 513,Control,,,No iniciado,,,,,,,,,,
d8d3719d-c0d9-4417-a75f-23ebd5b94e63,13C. Apto 313,Control,,,No iniciado,,,,,,,,,,
42fd04a2-24c5-48aa-8768-a322083c03c9,24E. Apto 524,Control,,,No iniciado,,,,,,,,,,
efd30e8b-73a0-4738-9b94-82dbcd1e4e58,24C. Apto 324,Control,,,No iniciado,,,,,,,,,,
09d2f161-f720-4cf1-9530-af578433e206,1J. Apto 1001,Control,,,No iniciado,,,,,,,,,,
c00b2e57-207c-48c3-80f7-00ead598d973,2J. Apto 1002,Control,,,No iniciado,,,,,,,,,,
f4edf2e9-6e7e-465c-afde-7c673c1c0d49,3J. Apto 1003,Control,,,No iniciado,,,,,,,,,,
25c3aee9-0e64-47ed-bae9-70614d802ab6,4J. Apto 1004,Control,,,No iniciado,,,,,,,,,,
a7d1e243-06f2-45f7-aef7-4e481999b9ff,5J. Apto 1005,Control,,,No iniciado,,,,,,,,,,
7e88b6e4-020b-4f3a-b0a2-07db1c5f9ac2,6J. Apto 1006,Control,,,No iniciado,,,,,,,,,,
11774a32-b705-4fb1-8c30-662e1dd1e5bc,7J. Apto 1007,Control,,,No iniciado,,,,,,,,,,
95d67991-165c-4866-8c65-4a9557646d29,8J. Apto 1008,Control,,,No iniciado,,,,,,,,,,
da006c05-ac4d-49f0-9e56-8ecd0d2e1770,9J. Apto 1009,Control,,,No iniciado,,,,,,,,,,
4034744c-d62d-4143-b9d8-1d8058a3affa,10J. Apto 1010,Control,,,No iniciado,,,,,,,,,,
c3bc69f8-47a2-4b16-9e4d-d2834737d449,11J. Apto 1011,Control,,,No iniciado,,,,,,,,,,
e4318939-9c72-4717-a86c-af154bd2c816,12J. Apto 1012,Control,,,No iniciado,,,,,,,,,,
77b8fabd-7295-4a34-93a5-3818df02f6b4,23J. Apto 1023,Control,,,No iniciado,,,,,,,,,,
f02c1125-8a61-4d74-b785-de144efe978c,22J. Apto 1022,Control,,,No iniciado,,,,,,,,,,
2736a438-d55e-48cb-a06d-04721c509a5b,21J. Apto 1021,Control,,,No iniciado,,,,,,,,,,
be2a4a72-2d1d-4164-ab43-15732b3ce0a5,20J. Apto 1020,Control,,,No iniciado,,,,,,,,,,
971c88db-cea5-44c8-b493-8f327614ffc7,19J. Apto 1019,Control,,,No iniciado,,,,,,,,,,
d43c185f-e8f1-4f75-8257-54f81b2a81d3,18J. Apto 1018,Control,,,No iniciado,,,,,,,,,,
4931b55c-c586-45e0-867c-7e7dbf3747f2,17J. Apto 1017,Control,,,No iniciado,,,,,,,,,,
44eef99c-d90e-41a6-8c90-984592498cd5,16J. Apto 1016,Control,,,No iniciado,,,,,,,,,,
3a917f97-6f40-4878-9fbb-77bfac8e592d,15J. Apto 1015,Control,,,No iniciado,,,,,,,,,,
00bf9beb-dbb1-4cea-bd8c-cc776eae048f,14J. Apto 1014,Control,,,No iniciado,,,,,,,,,,
fa3d3490-5de5-4770-9a44-5a11d65e55e9,13J. Apto 1013,Control,,,No iniciado,,,,,,,,,,
64178915-5f5f-452b-a1c6-fc610a02d463,24J. Apto 1024,Control,,,No iniciado,,,,,,,,,,
780c2ac8-9ba2-4002-b144-362acee305b1,0A. Hall Piso 01,Control,,,No iniciado,,,,,,,,,,
be8b637c-2030-4332-8fdc-c137881802f1,0B. Hall Piso 02,Control,,,No iniciado,,,,,,,,,,
97babbf5-c134-445d-af54-2ddc5e354cc0,0C. Hall Piso 03,Control,,,No iniciado,,,,,,,,,,
cfa85040-e01d-4a08-9655-43709f570b6b,0D. Hall Piso 04,Control,,,No iniciado,,,,,,,,,,
26722dc6-81ee-47fe-a797-67e7241f8b96,0E. Hall Piso 05,Control,,,No iniciado,,,,,,,,,,
46cb4332-24f4-49e2-821d-49c234ac4737,0F. Hall Piso 06,Control,,,No iniciado,,,,,,,,,,
145496bf-ab20-4008-8697-4479d9a7b898,0G. Hall Piso 07,Control,,,No iniciado,,,,,,,,,,
ed3b014a-441a-4d5a-b6e1-7c7a87d6b519,0H. Hall Piso 08,Control,,,No iniciado,,,,,,,,,,
fc1db2c6-f517-4508-83fa-2d5003456bb8,0I. Hall Piso 09,Control,,,No iniciado,,,,,,,,,,
2d01cd5f-9d33-4fa0-8b68-b14c48910ab2,0J. Hall Piso 10,Control,,,No iniciado,,,,,,,,,,
377c0298-9984-40af-83a3-3c8500324cfb,0K. Hall Piso 11,Control,,,No iniciado,,,,,,,,,,
c15f6934-d005-44d1-9e82-a2dd86d092df,0L. Hall Piso 12,Control,,,No iniciado,,,,,,,,,,
b3e358be-0cdc-41a2-a55c-c59f574223e2,0M. Hall Piso 13,Control,,,No iniciado,,,,,,,,,,
e3b8dc53-9629-4fe2-9e65-0a0d282da6a8,0N. Hall Piso 14,Control,,,No iniciado,,,,,,,,,,
d14d6d7f-6efa-46b5-ba4a-3af20a8a115f,1H. Apto 801,Control,,,No iniciado,,,,,,,,,,
f3e83ac1-d28f-4118-83d8-617e8a632ccf,2H. Apto 802,Control,,,No iniciado,,,,,,,,,,
a29c6749-b2bc-4e7c-9e47-329b4e26a392,3H. Apto 803,Control,,,No iniciado,,,,,,,,,,
13e47099-3bb9-40c9-b008-bd11eac1a88b,4H. Apto 804,Control,,,No iniciado,,,,,,,,,,
026a69b6-8a72-4657-a732-68990c9c3c1c,5H. Apto 805,Control,,,No iniciado,,,,,,,,,,
8583b887-42df-44a4-b83b-cac157bc471d,6H. Apto 806,Control,,,No iniciado,,,,,,,,,,
35d551df-c32f-4240-aa6c-cea765825e38,7H. Apto 807,Control,,,No iniciado,,,,,,,,,,
5edeb90c-65ea-4188-a9ac-f7942f4eaad7,8H. Apto 808,Control,,,No iniciado,,,,,,,,,,
cfe84c42-8a82-4545-be07-fff8df683d3d,9H. Apto 809,Control,,,No iniciado,,,,,,,,,,
b2ed808f-55e0-417b-b69c-fb8731aabc52,10H. Apto 810,Control,,,No iniciado,,,,,,,,,,
21e9c7a6-eb56-408c-83ec-bcbd1fe15c66,11H. Apto 811,Control,,,No iniciado,,,,,,,,,,
a50528bc-2d2d-47f7-8f88-10f0ef0e9121,12H. Apto 812,Control,,,No iniciado,,,,,,,,,,
94d5bd00-2150-4313-86f6-aade0eb1e171,23H. Apto 823,Control,,,No iniciado,,,,,,,,,,
a3dca497-e1a7-4bc4-826f-22fad0f6f961,22H. Apto 822,Control,,,No iniciado,,,,,,,,,,
8d20172f-1397-4e21-a809-1c92e97be5a9,21H. Apto 821,Control,,,No iniciado,,,,,,,,,,
61f421e4-8942-404a-a109-25e88baba66c,20H. Apto 820,Control,,,No iniciado,,,,,,,,,,
7d1f6f8a-fbc4-4e9b-97c7-401cb1be8124,19H. Apto 819,Control,,,No iniciado,,,,,,,,,,
efe186a5-2df9-416b-8020-89f6bbc13578,18H. Apto 818,Control,,,No iniciado,,,,,,,,,,
bcde80fc-7052-47de-bd43-eefc1489b447,17H. Apto 817,Control,,,No iniciado,,,,,,,,,,
b86805ed-bf5f-477b-b32e-8704c03fca35,16H. Apto 816,Control,,,No iniciado,,,,,,,,,,
7e7c77aa-f973-4587-83e3-c255ce25c936,15H. Apto 815,Control,,,No iniciado,,,,,,,,,,
04a2af32-2a11-4bf2-970e-ad692619981f,14H. Apto 814,Control,,,No iniciado,,,,,,,,,,
2eacf0fa-53e2-4156-a168-94946c80792a,13H. Apto 813,Control,,,No iniciado,,,,,,,,,,
c8779908-8c67-44b7-9b7f-28eef10bb543,24H. Apto 824,Control,,,No iniciado,,,,,,,,,,
29c5eba7-4981-44e6-b116-ea61cfc7cf83,0A. Cuarto electrico Piso 01,Control,,,No iniciado,,,,,,,,,,
4fc1bd93-fbb2-4b28-bf13-65d9a7fdca75,0A. Cuarto SETI Piso 01,Control,,,No iniciado,,,,,,,,,,
a9672a80-f926-44fb-9683-14ee9a212b9a,0B. Cuarto electrico Piso 02,Control,,,No iniciado,,,,,,,,,,
7251699c-f6d9-4349-9f11-4f6e430b63c8,0C. Cuarto electrico Piso 03,Control,,,No iniciado,,,,,,,,,,
2c87ca5d-a290-4324-a58e-1048c5375cd0,0D. Cuarto electrico Piso 04,Control,,,No iniciado,,,,,,,,,,
3e4158fa-7b26-489c-ba56-86ce3d6f6933,0E. Cuarto electrico Piso 05,Control,,,No iniciado,,,,,,,,,,
62b6e331-39db-458b-bed7-634227eff51e,0F. Cuarto electrico Piso 06,Control,,,No iniciado,,,,,,,,,,
29c81635-7d66-455e-a3af-7bccb4a120fa,0G. Cuarto electrico Piso 07,Control,,,No iniciado,,,,,,,,,,
f6584421-b1ad-4ee3-93d9-f099f1df5e2d,0H. Cuarto electrico Piso 08,Control,,,No iniciado,,,,,,,,,,
64efaf6a-3d9d-4287-9bb5-c037b21c8295,0I. Cuarto electrico Piso 09,Control,,,No iniciado,,,,,,,,,,
1bfd448f-188e-4103-8cde-f6e1687c6a81,0J. Cuarto electrico Piso 10,Control,,,No iniciado,,,,,,,,,,
9f2d5697-7b3f-4611-a709-1912827d5f92,0K. Cuarto electrico Piso 11,Control,,,No iniciado,,,,,,,,,,
ab28883e-e4f3-4aab-9601-90d05e91b0de,0L. Cuarto electrico Piso 12,Control,,,No iniciado,,,,,,,,,,
aaf4272c-8cae-4d2e-8863-51648038548a,0M. Cuarto electrico Piso 13,Control,,,No iniciado,,,,,,,,,,
3cb74f5e-a32c-44d9-bdaa-797504c98281,0N. Cuarto electrico Piso 14,Control,,,No iniciado,,,,,,,,,,
ceaf363f-442e-4973-a80b-860d1ad277f5,1D. Apto 401,Control,,,No iniciado,,,,,,,,,,
c26063fc-c4d4-473c-bc55-c946e1b9fa79,2D. Apto 402,Control,,,No iniciado,,,,,,,,,,
0bec558e-1ede-47fd-9f8e-6b3475f1031f,3D. Apto 403,Control,,,No iniciado,,,,,,,,,,
e543bcfe-3b63-4ef4-8a4c-5920323d8c89,4D. Apto 404,Control,,,No iniciado,,,,,,,,,,
b6b68487-5308-4326-bf31-85eaf7fb76a8,5D. Apto 405,Control,,,No iniciado,,,,,,,,,,
f0ddec23-254d-4c3c-a2fd-cd78b860ac8b,6D. Apto 406,Control,,,No iniciado,,,,,,,,,,
c38baf00-975e-478a-aaf3-7503aecb32ad,7D. Apto 407,Control,,,No iniciado,,,,,,,,,,
6170adb7-1c9d-446b-b5e7-2de7eb9496ac,8D. Apto 408,Control,,,No iniciado,,,,,,,,,,
d45c2413-31ee-407e-8002-ce82d635f58a,9D. Apto 409,Control,,,No iniciado,,,,,,,,,,
8c0759c0-90c7-4f7b-becf-4878027aad6e,10D. Apto 410,Control,,,No iniciado,,,,,,,,,,
053bcd75-4c95-4363-bea4-f07543d3b3cd,11D. Apto 411,Control,,,No iniciado,,,,,,,,,,
c7ed4b97-8047-4dc4-b5cd-239bf7159218,12D. Apto 412,Control,,,No iniciado,,,,,,,,,,
15aa7495-8af5-45ad-b445-b8a2957f9850,23D. Apto 423,Control,,,No iniciado,,,,,,,,,,
d1c6087f-d5f5-4595-8a5a-817b8d28290d,22D. Apto 422,Control,,,No iniciado,,,,,,,,,,
a6602fdb-9f55-47ef-b809-417e9930fd04,21D. Apto 421,Control,,,No iniciado,,,,,,,,,,
4fb0b380-55e1-46b6-a347-0a6c0ffdef3c,20D. Apto 420,Control,,,No iniciado,,,,,,,,,,
bfbb6de3-b479-406e-acf1-00b7ca4c2bb0,19D. Apto 419,Control,,,No iniciado,,,,,,,,,,
d3ac6e05-77e2-4a48-98d0-2b77c9ea4f62,18D. Apto 418,Control,,,No iniciado,,,,,,,,,,
5e0c26bb-4b77-4229-abe4-46ac10d7efb7,17D. Apto 417,Control,,,No iniciado,,,,,,,,,,
9aebc259-f9a5-4acc-b474-cd1775a82fb8,16D. Apto 416,Control,,,No iniciado,,,,,,,,,,
744d4b99-3fcd-4ea9-a280-acece3f23d44,15D. Apto 415,Control,,,No iniciado,,,,,,,,,,
e582c6af-c402-429b-a440-c425e32e7c31,14D. Apto 414,Control,,,No iniciado,,,,,,,,,,
1708686b-15e9-4854-9511-27314ccf39b3,13D. Apto 413,Control,,,No iniciado,,,,,,,,,,
881353dc-e558-4486-87dc-06ac2e56237f,24D. Apto 424,Control,,,No iniciado,,,,,,,,,,
4469e9cb-906b-4f14-9f4a-80bb3928f8dc,1M. Apto 1301,Control,,,No iniciado,,,,,,,,,,
350e72ed-2821-4420-b043-ac63ccbf5a3f,2M. Apto 1302,Control,,,No iniciado,,,,,,,,,,
d899500b-a551-41a0-bef2-ba54aa1f2859,3M. Apto 1303,Control,,,No iniciado,,,,,,,,,,
1b868458-2246-4cbb-8866-fa05ee514e2b,4M. Apto 1304,Control,,,No iniciado,,,,,,,,,,
0e34864e-0a76-4262-bef6-fa9571bf52a1,5M. Apto 1305,Control,,,No iniciado,,,,,,,,,,
417d22fc-e850-41f9-9e3b-6a492aa767ac,6M. Apto 1306,Control,,,No iniciado,,,,,,,,,,
d59f1448-09b6-40b6-ba09-cb2a6c02849d,7M. Apto 1307,Control,,,No iniciado,,,,,,,,,,
c261702e-a7b0-402e-a2f5-74ba955c8098,8M. Apto 1308,Control,,,No iniciado,,,,,,,,,,
e01842af-bee6-4af0-8bbc-978b366cfa84,9M. Apto 1309,Control,,,No iniciado,,,,,,,,,,
44164779-1c35-482c-8710-1023e09a526b,10M. Apto 1310,Control,,,No iniciado,,,,,,,,,,
05b26f57-bfc7-4d7a-9590-3f6ad4d455bb,11M. Apto 1311,Control,,,No iniciado,,,,,,,,,,
890a58bf-258f-437f-8c5e-91c47b21509e,12M. Apto 1312,Control,,,No iniciado,,,,,,,,,,
b4f9748a-e0c9-42a7-80e2-bdd0372f9a68,23M. Apto 1323,Control,,,No iniciado,,,,,,,,,,
ae9891d4-df8f-4ac6-91e3-78ae0d2e3974,22M. Apto 1322,Control,,,No iniciado,,,,,,,,,,
158505b2-34a6-4927-9f4c-0dbac4ba451a,21M. Apto 1321,Control,,,No iniciado,,,,,,,,,,
73e2f1b4-1c3d-4a5c-98bf-0f364e421e7a,20M. Apto 1320,Control,,,No iniciado,,,,,,,,,,
90f1ff64-663e-4773-b107-82ea8b681a5e,19M. Apto 1319,Control,,,No iniciado,,,,,,,,,,
dd4fc2ab-6849-4aed-ac0e-7d16d70d4743,18M. Apto 1318,Control,,,No iniciado,,,,,,,,,,
ae7d654a-5180-4f56-8063-866a060fbece,17M. Apto 1317,Control,,,No iniciado,,,,,,,,,,
45f0303c-c39b-40b1-b7d2-bcc6f5eb954f,16M. Apto 1316,Control,,,No iniciado,,,,,,,,,,
f962e048-2d1e-4e80-8d07-05acaec94840,15M. Apto 1315,Control,,,No iniciado,,,,,,,,,,
a662315e-ddd7-4cb1-8835-7ef45aa26a82,14M. Apto 1314,Control,,,No iniciado,,,,,,,,,,
dda0244b-e645-45dc-ad02-e3d061ff23de,13M. Apto 1313,Control,,,No iniciado,,,,,,,,,,
6b2ea225-5ef5-47eb-81a3-5d9c0a2dedc2,24M. Apto 1324,Control,,,No iniciado,,,,,,,,,,
fc80d9da-d836-4805-9685-511098159aa9,1N. Apto 1401,Control,,,No iniciado,,,,,,,,,,
240d3ae2-6025-4349-a07e-54db0d1ac847,2N. Apto 1402,Control,,,No iniciado,,,,,,,,,,
9698c977-f2d4-464f-8ea3-f1bffbb05add,3N. Apto 1403,Control,,,No iniciado,,,,,,,,,,
7012f0cf-0073-4213-b284-21ba0a5e5f50,4N. Apto 1404,Control,,,No iniciado,,,,,,,,,,
9dd83e0a-8d46-4723-ad66-318ba630debf,5N. Apto 1405,Control,,,No iniciado,,,,,,,,,,
f4803de7-42c1-4325-baaa-5ab80201412c,6N. Apto 1406,Control,,,No iniciado,,,,,,,,,,
4699d38c-f1b4-4077-aff3-d156081bd93b,7N. Apto 1407,Control,,,No iniciado,,,,,,,,,,
659ea4f6-8650-4d3a-b766-9625a7e70cb8,8N. Apto 1408,Control,,,No iniciado,,,,,,,,,,
d08e09fd-8504-44c7-9687-1cd56d3dfb7a,9N. Apto 1409,Control,,,No iniciado,,,,,,,,,,
e375c077-3abd-42f5-babe-07a4496e1ff2,10N. Apto 1410,Control,,,No iniciado,,,,,,,,,,
c929d41e-cc16-4acc-8d77-98fa879d7b2e,11N. Apto 1411,Control,,,No iniciado,,,,,,,,,,
7cc02432-d233-42db-8f2b-e24761a2bff6,12N. Apto 1412,Control,,,No iniciado,,,,,,,,,,
894fc319-3a1e-4b0e-b065-cfa4f1e3ac4d,23N. Apto 1423,Control,,,No iniciado,,,,,,,,,,
9aa2fd46-cef1-461f-9802-6507fff091d0,22N. Apto 1422,Control,,,No iniciado,,,,,,,,,,
b6d701da-cc6a-4c58-b738-b3fca660b256,21N. Apto 1421,Control,,,No iniciado,,,,,,,,,,
bde555ca-2ccd-42e5-b989-ea8504e5b62e,20N. Apto 1420,Control,,,No iniciado,,,,,,,,,,
33ad0e96-fe77-4e10-ae8d-2fc8524a1ee6,19N. Apto 1419,Control,,,No iniciado,,,,,,,,,,
7010e896-5da4-4de7-812c-5f3a202c0518,18N. Apto 1418,Control,,,No iniciado,,,,,,,,,,
830530e9-37ef-495c-98dc-4875205ffc05,17N. Apto 1417,Control,,,No iniciado,,,,,,,,,,
ba8a8cbf-6713-41e6-b6d4-72b483fef228,16N. Apto 1416,Control,,,No iniciado,,,,,,,,,,
95229de5-147b-47c4-b221-bf6c3ed8697b,15N. Apto 1415,Control,,,No iniciado,,,,,,,,,,
6cdbb698-1db5-4834-a71c-beb6d60b3baa,14N. Apto 1414,Control,,,No iniciado,,,,,,,,,,
2448d612-0e64-402d-9a92-145742712689,13N. Apto 1413,Control,,,No iniciado,,,,,,,,,,
7fc9f3a0-4103-4d9c-a0b0-a49b6034bae0,24N. Apto 1424,Control,,,No iniciado,,,,,,,,,,
56c637c4-3899-4d41-8c0d-242dad9a8e6d,0A. Escalera PF Piso 01,Control,,,No iniciado,,,,,,,,,,
afe419d9-935e-46b7-a30f-04263c69d810,0B. Escalera PF Piso 02,Control,,,No iniciado,,,,,,,,,,
873b8189-d41e-42d9-a7b2-6e284b7b3af8,0C. Escalera PF Piso 03,Control,,,No iniciado,,,,,,,,,,
c0ba8244-f05e-4af6-9c10-2b55f0907417,0D. Escalera PF Piso 04,Control,,,No iniciado,,,,,,,,,,
7adaaa29-416e-4752-9570-9bee7f9ca281,0E. Escalera PF Piso 05,Control,,,No iniciado,,,,,,,,,,
ab88b25b-9f07-4bb5-a485-fad854c40098,0F. Escalera PF Piso 06,Control,,,No iniciado,,,,,,,,,,
b86bc6d3-2824-4bb6-a66b-885b56b82e85,0G. Escalera PF Piso 07,Control,,,No iniciado,,,,,,,,,,
ac7f1316-60dd-4750-b578-62bdbda91aea,0H. Escalera PF Piso 08,Control,,,No iniciado,,,,,,,,,,
0d5804d9-808c-4338-a7d0-9f6bfcdc81ec,0I. Escalera PF Piso 09,Control,,,No iniciado,,,,,,,,,,
6807661c-10b7-4158-b3d9-28d586cc9cac,0J. Escalera PF Piso 10,Control,,,No iniciado,,,,,,,,,,
1b67d1da-515b-436d-b877-38318f661ad2,0K. Escalera PF Piso 11,Control,,,No iniciado,,,,,,,,,,
867a335f-9102-4d01-aeb1-e298785e9c87,0L. Escalera PF Piso 12,Control,,,No iniciado,,,,,,,,,,
32d8394e-da26-4a32-9706-dee54602b07a,0M. Escalera PF Piso 13,Control,,,No iniciado,,,,,,,,,,
69979b3c-66bd-4a63-81c2-587ef9573f33,0N. Escalera PF Piso 14,Control,,,No iniciado,,,,,,,,,,
a2d3705e-92c4-4b1c-b073-5593674d9d7b,1K. Apto 1101,Control,,,No iniciado,,,,,,,,,,
d6799da0-d939-4784-ac92-fd4b7387ae2c,2K. Apto 1102,Control,,,No iniciado,,,,,,,,,,
a7e06c80-0616-4db9-8773-14aa72cfb5b6,3K. Apto 1103,Control,,,No iniciado,,,,,,,,,,
5e35078d-0a03-42ca-a90b-36e43f24683a,4K. Apto 1104,Control,,,No iniciado,,,,,,,,,,
8000f1d9-cc39-4607-99cd-f3f0a8f20c9f,5K. Apto 1105,Control,,,No iniciado,,,,,,,,,,
19c6fab8-7a03-404f-94cd-8418e5e6ba76,6K. Apto 1106,Control,,,No iniciado,,,,,,,,,,
6886e28f-7de2-4ef2-8b14-b7b753750256,7K. Apto 1107,Control,,,No iniciado,,,,,,,,,,
04501419-c313-471c-b1ae-db3ed4aa66b1,8K. Apto 1108,Control,,,No iniciado,,,,,,,,,,
8cea3757-e089-4466-ad7b-c0eaba4dee0f,9K Apto 1109,Control,,,No iniciado,,,,,,,,,,
f7747889-91ed-4072-81c2-bff9bb2f95e0,10K. Apto 1110,Control,,,No iniciado,,,,,,,,,,
53dbf9cb-b25e-4cc5-950c-bc31c23fc882,11K. Apto 1111,Control,,,No iniciado,,,,,,,,,,
d4e8eb53-4da1-4a1a-b73c-ce449e3f13b3,12K. Apto 1112,Control,,,No iniciado,,,,,,,,,,
6e091308-73c9-40bb-be49-6cb4de48d134,23K. Apto 1123,Control,,,No iniciado,,,,,,,,,,
480f79d6-1569-4904-a774-6bd23d0b9f61,22K. Apto 1122,Control,,,No iniciado,,,,,,,,,,
6b5e3baa-4fa1-4bab-a456-4987bd0ecc89,21K. Apto 1121,Control,,,No iniciado,,,,,,,,,,
bd1018b2-8e8d-4b81-a390-74ea34525fb1,20K. Apto 1120,Control,,,No iniciado,,,,,,,,,,
8d6a5b14-832a-4587-8995-13be7d3cf3a8,19K. Apto 1119,Control,,,No iniciado,,,,,,,,,,
5a01dda6-2d8a-40e2-9216-a9d98648cde1,18K. Apto 1118,Control,,,No iniciado,,,,,,,,,,
e040f484-dc85-4a5f-8415-5cbe93f0882b,17K. Apto 1117,Control,,,No iniciado,,,,,,,,,,
3947d006-8307-424b-bfe6-0c5c84785d1f,16K. Apto 1116,Control,,,No iniciado,,,,,,,,,,
2cab45e7-2026-4576-8541-0a81d96b3fdb,15K. Apto 1115,Control,,,No iniciado,,,,,,,,,,
df7bb6f9-4778-4446-bb15-62d88492a993,14K. Apto 1114,Control,,,No iniciado,,,,,,,,,,
0a2909aa-4841-49eb-bf48-a80b7d9d4b68,13K. Apto 1113,Control,,,No iniciado,,,,,,,,,,
6d63bb64-002d-4b2a-a957-8362daa5544e,24K. Apto 1124,Control,,,No iniciado,,,,,,,,,,
3f03e057-097c-4b13-bfc7-a8a9fe3b695d,1L. Apto 1201,Control,,,No iniciado,,,,,,,,,,
3f526561-3f3e-4c08-9627-dc665baa1ab1,2L. Apto 1202,Control,,,No iniciado,,,,,,,,,,
aa1159b3-3d99-4c8a-be1e-715a7f1ac8dd,3L. Apto 1203,Control,,,No iniciado,,,,,,,,,,
40616303-6c80-47f0-8e03-919cb4d2c71e,4L. Apto 1204,Control,,,No iniciado,,,,,,,,,,
1bf4e417-d3ad-434f-8b86-b14e1a568f17,5L. Apto 1205,Control,,,No iniciado,,,,,,,,,,
53a55582-53a9-4f2d-b767-eab41c4c3ce2,6L. Apto 1206,Control,,,No iniciado,,,,,,,,,,
1455b701-eba1-4379-a8c0-165524026acc,7L. Apto 1207,Control,,,No iniciado,,,,,,,,,,
49df3e48-ad16-423c-a756-8cdae44505a8,8L. Apto 1208,Control,,,No iniciado,,,,,,,,,,
c9dcc5d6-0ebc-4e7f-80ea-1624b7f4130c,9L. Apto 1209,Control,,,No iniciado,,,,,,,,,,
834eb211-79f1-4229-905d-31d635a5d4f2,10L. Apto 1210,Control,,,No iniciado,,,,,,,,,,
b8142727-2ff0-411e-a5e2-d7da21364867,11L. Apto 1211,Control,,,No iniciado,,,,,,,,,,
bd61f16c-9100-4d16-bbf2-de533cf3e2db,12L. Apto 1212,Control,,,No iniciado,,,,,,,,,,
0c71e263-7f9d-4b34-8846-ac77a74770a9,23L. Apto 1223,Control,,,No iniciado,,,,,,,,,,
9471498a-0b1a-47fd-8d5a-f93c29c0bbbc,22L. Apto 1222,Control,,,No iniciado,,,,,,,,,,
0e4d33ec-715d-49ce-9109-a9c25ea88c30,21L. Apto 1221,Control,,,No iniciado,,,,,,,,,,
a376fdea-daa4-4163-8d91-d58828f350ee,20L. Apto 1220,Control,,,No iniciado,,,,,,,,,,
28874023-92ea-4c66-beed-5ce7bba9d264,19L. Apto 1219,Control,,,No iniciado,,,,,,,,,,
5c8a1044-581f-4ace-a5ae-69572730f20e,18L. Apto 1218,Control,,,No iniciado,,,,,,,,,,
3139e1d8-3ba8-442a-9efd-aac82a2bc793,17L. Apto 1217,Control,,,No iniciado,,,,,,,,,,
21e302cc-41d2-4c61-be81-dd9bd4909ab4,16L. Apto 1216,Control,,,No iniciado,,,,,,,,,,
b7728c1e-efbd-4f39-8f42-25d1f1e84245,15L. Apto 1215,Control,,,No iniciado,,,,,,,,,,
7cf3d80c-3ff0-45cd-bd1d-ea608b528f54,14L. Apto 1214,Control,,,No iniciado,,,,,,,,,,
9cb094d9-ae09-47cc-8986-e4c31ff0cd91,13L. Apto 1213,Control,,,No iniciado,,,,,,,,,,
31f8021a-5778-4d42-ad96-0d5c2727e092,24L. Apto 1224,Control,,,No iniciado,,,,,,,,,,
90e4b072-50c2-4f46-9a88-cd3d3f9c984a,0A. Ascensor 1 Piso 01,Control,,,No iniciado,,,,,,,,,,
b4cc6a38-c271-45f8-8e92-cbf4f9f59a5c,0A. Ascensor 2 Piso 01,Control,,,No iniciado,,,,,,,,,,
ddf69c3c-866c-49fa-a242-27cd610aa345,0B. Ascensor 1 Piso 02,Control,,,No iniciado,,,,,,,,,,
c6d5d373-a3f8-4d9f-91b7-7631d1bb1e54,0B. Ascensor 2 Piso 02,Control,,,No iniciado,,,,,,,,,,
0acf30b0-8760-4d07-bfb4-214865dec759,0C. Ascensor 1 Piso 03,Control,,,No iniciado,,,,,,,,,,
72f36b85-3e12-4a4a-97f4-af092466a88d,0C. Ascensor 2 Piso 03,Control,,,No iniciado,,,,,,,,,,
32282cf6-0c6c-4c3e-b69f-e43fa6624d6e,0D. Ascensor 1 Piso 04,Control,,,No iniciado,,,,,,,,,,
7c68fa59-4248-4237-9432-804365e917c2,0D. Ascensor 2 Piso 04,Control,,,No iniciado,,,,,,,,,,
1e039033-b347-4d73-81e5-6e257d2d298b,0E. Ascensor 1 Piso 05,Control,,,No iniciado,,,,,,,,,,
7e1d3d3a-99b0-42b4-9d72-c2aef2517493,0E. Ascensor 2 Piso 05,Control,,,No iniciado,,,,,,,,,,
f3259c81-77a3-4f6c-b462-125e234ed0a9,0F. Ascensor 1 Piso 06,Control,,,No iniciado,,,,,,,,,,
d71ddc76-8b9f-4577-96cf-19ccfc5c5d30,0F. Ascensor 2 Piso 06,Control,,,No iniciado,,,,,,,,,,
e5fcf9c0-2ad0-4cc2-920b-427fff2be222,0G. Ascensor 1 Piso 07,Control,,,No iniciado,,,,,,,,,,
5ada3b22-fd1b-408c-91a9-45e990255f2f,0G. Ascensor 2 Piso 07,Control,,,No iniciado,,,,,,,,,,
fd06d3e1-661f-49e2-afee-8dcb49c8ace4,0H. Ascensor 1 Piso 08,Control,,,No iniciado,,,,,,,,,,
8e2dd54b-d240-46af-b65a-fcdbc209371c,0H. Ascensor 2 Piso 08,Control,,,No iniciado,,,,,,,,,,
730858b0-7800-4f90-ae6a-b3c01e81e214,0I. Ascensor 1 Piso 08,Control,,,No iniciado,,,,,,,,,,
e44b2b61-904f-4cd1-91b9-32eea8c015c7,0I. Ascensor 2 Piso 09,Control,,,No iniciado,,,,,,,,,,
a9412d1e-2b9d-4703-8891-0ef038df9e73,0J. Ascensor 1 Piso 10,Control,,,No iniciado,,,,,,,,,,
e421b9d3-02ec-492a-92e0-6c5eb87a0cda,0J. Ascensor 2 Piso 10,Control,,,No iniciado,,,,,,,,,,
e08ee81b-5d61-431f-a4f1-b6936e5be243,0K. Ascensor 1 Piso 11,Control,,,No iniciado,,,,,,,,,,
51be374b-3011-413b-8f59-926cc48cc996,0K. Ascensor 2 Piso 11,Control,,,No iniciado,,,,,,,,,,
f6bc4774-a4c2-41d2-8c56-51c72ec6cfd9,0L. Ascensor 1 Piso 12,Control,,,No iniciado,,,,,,,,,,
2d81ad99-5e76-4cbb-9c7d-933ef02f479d,0L. Ascensor 2 Piso 12,Control,,,No iniciado,,,,,,,,,,
3803701b-81e8-4301-9607-17c659aa7ac5,0M. Ascensor 1 Piso 13,Control,,,No iniciado,,,,,,,,,,
c7eb974b-1fd4-4282-a18e-3d707f95a1d7,0M. Ascensor 2 Piso 13,Control,,,No iniciado,,,,,,,,,,
72f75c71-f130-4d91-9fe5-f200bd55ae59,0N. Ascensor 1 Piso 14,Control,,,No iniciado,,,,,,,,,,
c5791e4c-95de-4607-87c6-b5ed38cd37d7,0N. Ascensor 2 Piso 14,Control,,,No iniciado,,,,,,,,,,
eb526ddf-2ab8-4503-bbf9-d431639911e5,0A. Lavandería Piso 01,Control,,,No iniciado,,,,,,,,,,
